-- phpMyAdmin SQL Dump
-- version 5.0.2
-- https://www.phpmyadmin.net/
--
-- Host: 127.0.0.1
-- Waktu pembuatan: 19 Agu 2022 pada 10.54
-- Versi server: 10.4.14-MariaDB
-- Versi PHP: 7.4.9

SET SQL_MODE = "NO_AUTO_VALUE_ON_ZERO";
START TRANSACTION;
SET time_zone = "+00:00";


/*!40101 SET @OLD_CHARACTER_SET_CLIENT=@@CHARACTER_SET_CLIENT */;
/*!40101 SET @OLD_CHARACTER_SET_RESULTS=@@CHARACTER_SET_RESULTS */;
/*!40101 SET @OLD_COLLATION_CONNECTION=@@COLLATION_CONNECTION */;
/*!40101 SET NAMES utf8mb4 */;

--
-- Database: `si_kas`
--

-- --------------------------------------------------------

--
-- Struktur dari tabel `coa`
--

CREATE TABLE `coa` (
  `id` int(11) NOT NULL,
  `id_index` int(11) NOT NULL,
  `nomor_coa` int(11) NOT NULL,
  `nama_coa` varchar(50) NOT NULL,
  `created_at` timestamp NULL DEFAULT NULL,
  `updated_at` timestamp NULL DEFAULT NULL
) ENGINE=InnoDB DEFAULT CHARSET=utf8mb4;

--
-- Dumping data untuk tabel `coa`
--

INSERT INTO `coa` (`id`, `id_index`, `nomor_coa`, `nama_coa`, `created_at`, `updated_at`) VALUES
(2, 1, 10101, '10101-Kas', '2022-08-10 03:10:00', '2022-08-10 03:10:00'),
(3, 1, 10102, '10102-Piutang Dagang', '2022-08-10 03:10:32', '2022-08-10 03:10:32'),
(4, 1, 10103, '10103-Perlengkapan', '2022-08-10 03:11:48', '2022-08-10 03:11:48'),
(5, 1, 10104, '10104-Persediaan Barang', '2022-08-10 03:12:07', '2022-08-10 03:12:07'),
(7, 2, 10201, '10201-Bangunan', '2022-08-10 03:13:51', '2022-08-10 03:13:51'),
(8, 2, 10202, '10202-Tanah', '2022-08-10 03:14:08', '2022-08-10 03:14:08'),
(9, 2, 10203, '10203-Kendaraan', '2022-08-10 03:14:29', '2022-08-10 03:14:29'),
(11, 1, 20100, '20100-Hutang jangka pendek', '2022-08-10 03:16:12', '2022-08-10 03:16:12'),
(12, 1, 20101, '20101-Hutang Dagang', '2022-08-10 03:16:25', '2022-08-10 03:16:25'),
(14, 3, 30100, '30100-Modal', '2022-08-10 03:18:04', '2022-08-10 03:18:04'),
(15, 3, 30200, '30200-Prive', '2022-08-10 03:18:17', '2022-08-10 03:18:17'),
(17, 1, 40100, '40100-Penjualan', '2022-08-10 03:19:13', '2022-08-10 03:19:13'),
(18, 1, 40200, '40200-Potongan Penjualan', '2022-08-10 03:19:25', '2022-08-10 03:19:25'),
(20, 1, 50100, '50100-Pembelian', '2022-08-10 03:20:05', '2022-08-10 03:20:05'),
(21, 1, 50200, '50200-Potongan Pembelian', '2022-08-10 03:20:21', '2022-08-10 03:20:21'),
(23, 1, 60100, '60100-Biaya Kantor', '2022-08-10 03:20:57', '2022-08-10 03:20:57'),
(24, 1, 60200, '60200-Biaya Operasional', '2022-08-10 03:21:24', '2022-08-10 03:21:24');

-- --------------------------------------------------------

--
-- Struktur dari tabel `failed_jobs`
--

CREATE TABLE `failed_jobs` (
  `id` int(10) UNSIGNED NOT NULL,
  `connection` text COLLATE utf8mb4_unicode_ci NOT NULL,
  `queue` text COLLATE utf8mb4_unicode_ci NOT NULL,
  `payload` longtext COLLATE utf8mb4_unicode_ci NOT NULL,
  `exception` longtext COLLATE utf8mb4_unicode_ci NOT NULL,
  `failed_at` timestamp NOT NULL DEFAULT current_timestamp()
) ENGINE=InnoDB DEFAULT CHARSET=utf8mb4 COLLATE=utf8mb4_unicode_ci;

-- --------------------------------------------------------

--
-- Struktur dari tabel `hutang`
--

CREATE TABLE `hutang` (
  `id` int(11) NOT NULL,
  `id_coa` int(11) NOT NULL,
  `saldo_id` int(11) NOT NULL,
  `tanggaltransaksi_hutang` date NOT NULL,
  `jatuhtempo_hutang` date NOT NULL,
  `keterangan` varchar(255) NOT NULL,
  `jenis` varchar(200) NOT NULL,
  `jumlah` int(11) NOT NULL,
  `status` varchar(200) NOT NULL,
  `created_at` timestamp NULL DEFAULT NULL,
  `updated_at` timestamp NULL DEFAULT NULL
) ENGINE=InnoDB DEFAULT CHARSET=utf8mb4;

--
-- Dumping data untuk tabel `hutang`
--

INSERT INTO `hutang` (`id`, `id_coa`, `saldo_id`, `tanggaltransaksi_hutang`, `jatuhtempo_hutang`, `keterangan`, `jenis`, `jumlah`, `status`, `created_at`, `updated_at`) VALUES
(1, 12, 1, '2022-01-03', '2022-02-03', 'Pembelian stock spidol snowman whiteboard', 'pengeluaran', 7800000, 'Sudah Bayar', '2022-08-11 23:45:09', '2022-08-12 01:15:19'),
(2, 12, 1, '2022-01-03', '2022-02-03', 'Pembelian stock kertas HVS A4 80gram (150 Dus)', 'pengeluaran', 60000000, 'Sudah Bayar', '2022-08-11 23:47:13', '2022-08-12 01:15:14'),
(3, 12, 1, '2022-01-12', '2022-02-14', 'Pembelian stock kertas HVS A4 SIDU (150 Dus)', 'pengeluaran', 45000000, 'Sudah Bayar', '2022-08-11 23:48:24', '2022-08-12 01:15:23'),
(4, 12, 26, '2022-02-02', '2022-03-02', 'Pembelian Ballpoint pilot (200 dus)', 'pengeluaran', 2600000, 'Sudah Bayar', '2022-08-12 01:20:46', '2022-08-12 02:17:05'),
(5, 12, 26, '2022-02-02', '2022-03-02', 'Pembelian Ballpoint standart (200 pack)', 'pengeluaran', 2000000, 'Sudah Bayar', '2022-08-12 01:24:15', '2022-08-12 02:16:59'),
(6, 12, 26, '2022-02-10', '2022-03-10', 'Pembelian buku tulis SIDU 38 Lembar (400 pack)', 'pengeluaran', 12000000, 'Sudah Bayar', '2022-08-12 01:26:16', '2022-08-12 02:17:14'),
(7, 12, 26, '2022-02-10', '2022-03-10', 'Pembelian HVS A4 SIDU (150 Dus)', 'pengeluaran', 45000000, 'Sudah Bayar', '2022-08-12 01:27:31', '2022-08-12 02:17:10'),
(8, 12, 26, '2022-02-14', '2022-03-14', 'Pembelian Kertas Karbon Fax', 'pengeluaran', 15000000, 'Sudah Bayar', '2022-08-12 01:28:44', '2022-08-12 02:17:19'),
(9, 12, 51, '2022-03-02', '2022-04-04', 'Pembelian tinta printer HP Deskjet 550 Black (60 pcs)', 'pengeluaran', 57000000, 'Sudah Bayar', '2022-08-12 02:28:16', '2022-08-12 04:33:08'),
(10, 12, 99, '2022-05-04', '2022-06-06', 'Pembelian tinta printer HP Deskjet 550 Black (100 pcs)', 'pengeluaran', 95000000, 'Sudah Bayar', '2022-08-12 13:21:23', '2022-08-12 14:12:14'),
(12, 12, 159, '2022-07-22', '2022-08-22', 'Penjualan Tinta printer Canon S200Spx No.24/H (50 Buah)', 'pengeluaran', 50000000, 'Belum Bayar', '2022-08-13 05:10:36', '2022-08-13 05:10:36');

-- --------------------------------------------------------

--
-- Struktur dari tabel `index`
--

CREATE TABLE `index` (
  `id` int(11) NOT NULL,
  `nomor_index` int(11) NOT NULL,
  `nama_index` varchar(255) NOT NULL,
  `created_at` timestamp NULL DEFAULT NULL,
  `updated_at` timestamp NULL DEFAULT NULL
) ENGINE=InnoDB DEFAULT CHARSET=utf8mb4;

--
-- Dumping data untuk tabel `index`
--

INSERT INTO `index` (`id`, `nomor_index`, `nama_index`, `created_at`, `updated_at`) VALUES
(1, 1, 'Arus Kas Kegiatan Operasional', '2022-07-31 02:48:39', '2022-07-31 02:48:39'),
(2, 2, 'Arus Kas dari Kegiatan Investasi', '2022-07-31 02:48:47', '2022-07-31 02:48:47'),
(3, 3, 'Arus Kas Kegiatan Pendanaan', '2022-07-31 02:48:52', '2022-07-31 02:48:52');

-- --------------------------------------------------------

--
-- Struktur dari tabel `instansi`
--

CREATE TABLE `instansi` (
  `id` tinyint(3) UNSIGNED NOT NULL,
  `nama` varchar(100) COLLATE utf8mb4_unicode_ci NOT NULL,
  `alamat` varchar(100) COLLATE utf8mb4_unicode_ci NOT NULL,
  `created_at` timestamp NULL DEFAULT NULL,
  `updated_at` timestamp NULL DEFAULT NULL
) ENGINE=InnoDB DEFAULT CHARSET=utf8mb4 COLLATE=utf8mb4_unicode_ci;

--
-- Dumping data untuk tabel `instansi`
--

INSERT INTO `instansi` (`id`, `nama`, `alamat`, `created_at`, `updated_at`) VALUES
(1, 'CV. Okta Viva Jaya', 'JL.Cendana NO.9, Kendari, Sulawesi Tenggara', '2021-02-14 16:02:56', '2022-06-25 13:11:20');

-- --------------------------------------------------------

--
-- Struktur dari tabel `migrations`
--

CREATE TABLE `migrations` (
  `id` int(10) UNSIGNED NOT NULL,
  `migration` varchar(255) COLLATE utf8mb4_unicode_ci NOT NULL,
  `batch` int(11) NOT NULL
) ENGINE=InnoDB DEFAULT CHARSET=utf8mb4 COLLATE=utf8mb4_unicode_ci;

--
-- Dumping data untuk tabel `migrations`
--

INSERT INTO `migrations` (`id`, `migration`, `batch`) VALUES
(1, '2014_10_12_000000_create_users_table', 1),
(2, '2019_08_19_000000_create_failed_jobs_table', 1),
(3, '2021_01_12_200158_create_saldo_table', 1),
(4, '2021_01_12_200551_create_transaksi_table', 1),
(5, '2021_02_14_080657_create_instansi_table', 1);

-- --------------------------------------------------------

--
-- Struktur dari tabel `operasional`
--

CREATE TABLE `operasional` (
  `id` int(11) NOT NULL,
  `id_coa` int(11) NOT NULL,
  `saldo_id` int(11) NOT NULL,
  `tanggal` date NOT NULL,
  `ket` varchar(255) NOT NULL,
  `jenis` varchar(200) NOT NULL,
  `jumlah` int(11) NOT NULL,
  `created_at` timestamp NULL DEFAULT NULL,
  `updated_at` timestamp NULL DEFAULT NULL
) ENGINE=InnoDB DEFAULT CHARSET=utf8mb4;

--
-- Dumping data untuk tabel `operasional`
--

INSERT INTO `operasional` (`id`, `id_coa`, `saldo_id`, `tanggal`, `ket`, `jenis`, `jumlah`, `created_at`, `updated_at`) VALUES
(1, 2, 1, '2022-01-03', 'Kas tunai', 'pemasukan', 350000000, '2022-08-11 23:36:03', '2022-08-11 23:36:03'),
(2, 24, 18, '2022-01-07', 'Biaya pengiriman barang', 'pengeluaran', 2000000, '2022-08-12 00:25:41', '2022-08-12 00:25:41'),
(3, 24, 19, '2022-01-14', 'Biaya pengiriman barang', 'pengeluaran', 2000000, '2022-08-12 00:27:43', '2022-08-12 00:27:43'),
(4, 24, 20, '2022-01-17', 'Pembayaran PDAM,Listrik,Internet', 'pengeluaran', 2500000, '2022-08-12 00:28:44', '2022-08-12 00:28:44'),
(5, 24, 21, '2022-01-21', 'Biaya pengiriman barang', 'pengeluaran', 2000000, '2022-08-12 00:29:20', '2022-08-12 00:29:20'),
(6, 24, 23, '2022-01-25', 'Gaji Karyawan', 'pengeluaran', 40000000, '2022-08-12 00:32:34', '2022-08-12 00:32:34'),
(7, 24, 41, '2022-02-04', 'Biaya pengiriman barang', 'pengeluaran', 2000000, '2022-08-12 02:07:44', '2022-08-12 02:07:44'),
(8, 24, 42, '2022-02-11', 'Biaya pengiriman barang', 'pengeluaran', 2000000, '2022-08-12 02:08:14', '2022-08-12 02:08:14'),
(9, 24, 43, '2022-02-15', 'Pembayaran PDAM,Listrik,Internet', 'pengeluaran', 2500000, '2022-08-12 02:08:50', '2022-08-12 02:08:50'),
(10, 24, 44, '2022-02-25', 'Gaji Karyawan', 'pengeluaran', 40000000, '2022-08-12 02:09:29', '2022-08-12 02:09:29'),
(11, 24, 66, '2022-01-05', 'Pembelian ATK kantor', 'pengeluaran', 10000000, '2022-08-12 03:00:41', '2022-08-12 03:00:41'),
(12, 24, 67, '2022-02-04', 'Pembelian ATK kantor', 'pengeluaran', 10000000, '2022-08-12 03:01:09', '2022-08-12 03:01:09'),
(14, 24, 76, '2022-03-04', 'Biaya pengiriman barang', 'pengeluaran', 2000000, '2022-08-12 04:29:24', '2022-08-12 04:29:24'),
(15, 24, 77, '2022-03-07', 'Pembelian ATK kantor', 'pengeluaran', 10000000, '2022-08-12 04:30:01', '2022-08-12 04:30:01'),
(16, 24, 78, '2022-03-11', 'Biaya pengiriman barang', 'pemasukan', 2000000, '2022-08-12 04:30:25', '2022-08-12 04:30:25'),
(17, 24, 79, '2022-03-15', 'Pembayaran PDAM,Listrik,Internet', 'pengeluaran', 2500000, '2022-08-12 04:30:53', '2022-08-12 04:30:53'),
(18, 24, 80, '2022-03-25', 'Gaji Karyawan', 'pemasukan', 40000000, '2022-08-12 04:31:32', '2022-08-12 04:31:32'),
(19, 24, 86, '2022-04-04', 'Pembelian ATK kantor', 'pengeluaran', 5000000, '2022-08-12 04:47:39', '2022-08-12 04:47:39'),
(20, 24, 93, '2022-04-08', 'Biaya pengiriman barang', 'pengeluaran', 2000000, '2022-08-12 05:02:47', '2022-08-12 05:02:47'),
(21, 24, 94, '2022-04-15', 'Pembayaran PDAM,Listrik,Internet', 'pengeluaran', 2500000, '2022-08-12 05:04:29', '2022-08-12 05:04:29'),
(22, 24, 95, '2022-04-25', 'Gaji Karyawan', 'pengeluaran', 40000000, '2022-08-12 05:04:59', '2022-08-12 05:04:59'),
(23, 24, 99, '2022-05-02', 'Pembelian ATK kantor', 'pengeluaran', 5000000, '2022-08-12 13:09:13', '2022-08-12 13:09:13'),
(24, 24, 119, '2022-05-13', 'Biaya pengiriman barang', 'pengeluaran', 2000000, '2022-08-12 14:10:22', '2022-08-12 14:10:22'),
(25, 24, 120, '2022-05-15', 'Pembayaran PDAM,Listrik,Internet', 'pengeluaran', 2500000, '2022-08-12 14:11:33', '2022-08-12 14:11:33'),
(26, 24, 121, '2022-05-25', 'Gaji Karyawan', 'pengeluaran', 40000000, '2022-08-12 14:12:00', '2022-08-12 14:12:00'),
(27, 24, 138, '2022-06-10', 'Biaya pengiriman barang', 'pengeluaran', 2000000, '2022-08-12 14:34:10', '2022-08-12 14:34:10'),
(28, 24, 139, '2022-06-03', 'Pembelian ATK kantor', 'pengeluaran', 5000000, '2022-08-12 14:34:52', '2022-08-12 14:34:52'),
(29, 24, 140, '2022-06-15', 'Pembayaran PDAM,Listrik,Internet', 'pengeluaran', 2500000, '2022-08-12 14:35:48', '2022-08-12 14:35:48'),
(30, 24, 141, '2022-06-22', 'Gaji Karyawan', 'pengeluaran', 40000000, '2022-08-12 14:36:18', '2022-08-12 14:36:18'),
(31, 24, 153, '2022-07-04', 'Pembelian ATK kantor', 'pengeluaran', 5000000, '2022-08-12 14:54:19', '2022-08-12 14:54:19'),
(34, 24, 156, '2022-07-25', 'Gaji Karyawan', 'pengeluaran', 40000000, '2022-08-12 14:56:38', '2022-08-12 14:56:38'),
(35, 24, 157, '2022-07-15', 'Pembayaran PDAM,Listrik,Internet', 'pengeluaran', 2500000, '2022-08-12 15:22:19', '2022-08-12 15:22:19'),
(36, 24, 159, '2022-07-15', 'Biaya pengiriman barang', 'pengeluaran', 4000000, '2022-08-13 05:04:03', '2022-08-13 05:04:03');

-- --------------------------------------------------------

--
-- Struktur dari tabel `piutang`
--

CREATE TABLE `piutang` (
  `id` int(11) NOT NULL,
  `tanggaltransaksi_piutang` date NOT NULL,
  `jatuhtempo_piutang` date NOT NULL,
  `keterangan` varchar(255) NOT NULL,
  `jenis` varchar(50) NOT NULL,
  `jumlah` int(11) NOT NULL,
  `created_at` timestamp NULL DEFAULT NULL,
  `updated_at` timestamp NULL DEFAULT NULL,
  `id_coa` int(11) NOT NULL,
  `id_index` int(11) NOT NULL
) ENGINE=InnoDB DEFAULT CHARSET=utf8mb4;

-- --------------------------------------------------------

--
-- Struktur dari tabel `saldo`
--

CREATE TABLE `saldo` (
  `id` int(11) NOT NULL,
  `total` bigint(20) NOT NULL,
  `created_at` timestamp NULL DEFAULT NULL,
  `updated_at` timestamp NULL DEFAULT NULL
) ENGINE=InnoDB DEFAULT CHARSET=utf8mb4;

--
-- Dumping data untuk tabel `saldo`
--

INSERT INTO `saldo` (`id`, `total`, `created_at`, `updated_at`) VALUES
(1, 350000000, '2022-08-11 23:36:03', '2022-08-11 23:36:03'),
(2, 381200000, '2022-08-11 23:50:45', '2022-08-11 23:50:45'),
(3, 378860000, '2022-08-11 23:53:49', '2022-08-11 23:53:49'),
(4, 392540000, '2022-08-11 23:56:09', '2022-08-11 23:56:09'),
(5, 440840000, '2022-08-11 23:58:05', '2022-08-11 23:58:05'),
(6, 380840000, '2022-08-12 00:03:32', '2022-08-12 00:03:32'),
(7, 392458000, '2022-08-12 00:04:52', '2022-08-12 00:04:52'),
(8, 403592000, '2022-08-12 00:06:40', '2022-08-12 00:06:40'),
(9, 401592000, '2022-08-12 00:07:50', '2022-08-12 00:07:50'),
(10, 419544000, '2022-08-12 00:09:22', '2022-08-12 00:09:22'),
(11, 389304000, '2022-08-12 00:13:20', '2022-08-12 00:13:20'),
(12, 391804000, '2022-08-12 00:15:31', '2022-08-12 00:15:31'),
(13, 393004000, '2022-08-12 00:16:27', '2022-08-12 00:16:27'),
(14, 396904000, '2022-08-12 00:17:17', '2022-08-12 00:17:17'),
(15, 426904000, '2022-08-12 00:18:23', '2022-08-12 00:18:23'),
(16, 457144000, '2022-08-12 00:19:38', '2022-08-12 00:19:38'),
(17, 499144000, '2022-08-12 00:20:57', '2022-08-12 00:20:57'),
(18, 497144000, '2022-08-12 00:25:41', '2022-08-12 00:25:41'),
(19, 495144000, '2022-08-12 00:27:43', '2022-08-12 00:27:43'),
(20, 492644000, '2022-08-12 00:28:44', '2022-08-12 00:28:44'),
(21, 490644000, '2022-08-12 00:29:20', '2022-08-12 00:29:20'),
(22, 532269000, '2022-08-12 00:31:37', '2022-08-12 00:31:37'),
(23, 492269000, '2022-08-12 00:32:34', '2022-08-12 00:32:34'),
(24, 432269000, '2022-08-12 01:15:14', '2022-08-12 01:15:14'),
(25, 424469000, '2022-08-12 01:15:19', '2022-08-12 01:15:19'),
(26, 379469000, '2022-08-12 01:15:23', '2022-08-12 01:15:23'),
(27, 388289000, '2022-08-12 01:34:23', '2022-08-12 01:34:23'),
(28, 395789000, '2022-08-12 01:35:35', '2022-08-12 01:35:35'),
(29, 397989000, '2022-08-12 01:36:55', '2022-08-12 01:36:55'),
(30, 396339000, '2022-08-12 01:38:02', '2022-08-12 01:38:02'),
(31, 412839000, '2022-08-12 01:38:59', '2022-08-12 01:38:59'),
(32, 402639000, '2022-08-12 01:45:07', '2022-08-12 01:45:07'),
(33, 337639000, '2022-08-12 01:50:32', '2022-08-12 01:50:32'),
(34, 349639000, '2022-08-12 01:52:11', '2022-08-12 01:52:11'),
(35, 385639000, '2022-08-12 01:52:59', '2022-08-12 01:52:59'),
(36, 404839000, '2022-08-12 01:54:17', '2022-08-12 01:54:17'),
(37, 406511000, '2022-08-12 01:55:23', '2022-08-12 01:55:23'),
(38, 447695000, '2022-08-12 01:57:08', '2022-08-12 01:57:08'),
(39, 488879000, '2022-08-12 01:59:55', '2022-08-12 01:59:55'),
(40, 557279000, '2022-08-12 02:03:20', '2022-08-12 02:03:20'),
(41, 555279000, '2022-08-12 02:07:44', '2022-08-12 02:07:44'),
(42, 553279000, '2022-08-12 02:08:14', '2022-08-12 02:08:14'),
(43, 548779000, '2022-08-12 02:08:50', '2022-08-12 15:28:20'),
(44, 508779000, '2022-08-12 02:09:29', '2022-08-12 15:28:20'),
(45, 564779000, '2022-08-12 02:11:46', '2022-08-12 15:28:20'),
(46, 514779000, '2022-08-12 02:15:41', '2022-08-12 15:28:20'),
(47, 512779000, '2022-08-12 02:16:59', '2022-08-12 15:28:20'),
(48, 510179000, '2022-08-12 02:17:05', '2022-08-12 15:28:20'),
(49, 465179000, '2022-08-12 02:17:10', '2022-08-12 15:28:20'),
(50, 453179000, '2022-08-12 02:17:14', '2022-08-12 15:28:20'),
(51, 438179000, '2022-08-12 02:17:19', '2022-08-12 15:28:20'),
(52, 440079000, '2022-08-12 02:36:40', '2022-08-12 15:28:20'),
(53, 481704000, '2022-08-12 02:37:32', '2022-08-12 15:28:20'),
(54, 482139000, '2022-08-12 02:38:34', '2022-08-12 15:28:20'),
(55, 489639000, '2022-08-12 02:39:23', '2022-08-12 15:28:20'),
(56, 474639000, '2022-08-12 02:41:41', '2022-08-12 15:28:20'),
(57, 473139000, '2022-08-12 02:48:27', '2022-08-12 15:28:20'),
(58, 471139000, '2022-08-12 02:49:58', '2022-08-12 15:28:20'),
(59, 471279000, '2022-08-12 02:51:13', '2022-08-12 15:28:20'),
(60, 470629000, '2022-08-12 02:53:24', '2022-08-12 15:28:20'),
(61, 488569000, '2022-08-12 02:54:26', '2022-08-12 15:28:20'),
(62, 489319000, '2022-08-12 02:55:25', '2022-08-12 15:28:20'),
(63, 491819000, '2022-08-12 02:56:15', '2022-08-12 15:28:20'),
(64, 493019000, '2022-08-12 02:56:54', '2022-08-12 15:28:20'),
(65, 495269000, '2022-08-12 02:59:57', '2022-08-12 15:28:20'),
(66, 485269000, '2022-08-12 03:00:41', '2022-08-12 15:28:20'),
(67, 475269000, '2022-08-12 03:01:09', '2022-08-12 15:28:20'),
(68, 465269000, '2022-08-12 03:04:46', '2022-08-12 15:28:20'),
(69, 464269000, '2022-08-12 03:06:12', '2022-08-12 15:28:20'),
(70, 468469000, '2022-08-12 03:07:28', '2022-08-12 15:28:20'),
(71, 499669000, '2022-08-12 04:18:52', '2022-08-12 15:28:20'),
(72, 513349000, '2022-08-12 04:19:53', '2022-08-12 15:28:20'),
(73, 512799000, '2022-08-12 04:22:12', '2022-08-12 15:28:20'),
(74, 508899000, '2022-08-12 04:24:05', '2022-08-12 15:28:20'),
(75, 506559000, '2022-08-12 04:25:18', '2022-08-12 15:28:20'),
(76, 504559000, '2022-08-12 04:29:24', '2022-08-12 15:28:20'),
(77, 494559000, '2022-08-12 04:30:01', '2022-08-12 15:28:20'),
(78, 496559000, '2022-08-12 04:30:25', '2022-08-12 15:28:20'),
(79, 494059000, '2022-08-12 04:30:53', '2022-08-12 15:28:20'),
(80, 534059000, '2022-08-12 04:31:32', '2022-08-12 15:28:20'),
(81, 477059000, '2022-08-12 04:33:08', '2022-08-12 15:28:20'),
(82, 475259000, '2022-08-12 04:43:41', '2022-08-12 15:28:20'),
(83, 476399000, '2022-08-12 04:44:23', '2022-08-12 15:28:20'),
(84, 475649000, '2022-08-12 04:45:30', '2022-08-12 15:28:20'),
(85, 476599000, '2022-08-12 04:47:02', '2022-08-12 15:28:20'),
(86, 471599000, '2022-08-12 04:47:39', '2022-08-12 15:28:20'),
(87, 469749000, '2022-08-12 04:49:17', '2022-08-12 15:28:20'),
(88, 491349000, '2022-08-12 04:52:45', '2022-08-12 15:28:20'),
(89, 536349000, '2022-08-12 04:54:07', '2022-08-12 15:28:20'),
(90, 543774000, '2022-08-12 05:00:14', '2022-08-12 15:28:20'),
(91, 550274000, '2022-08-12 05:01:26', '2022-08-12 15:28:20'),
(92, 550524000, '2022-08-12 05:02:07', '2022-08-12 15:28:20'),
(93, 548524000, '2022-08-12 05:02:47', '2022-08-12 15:28:20'),
(94, 546024000, '2022-08-12 05:04:29', '2022-08-12 15:28:20'),
(95, 506024000, '2022-08-12 05:04:59', '2022-08-12 15:28:20'),
(96, 509924000, '2022-08-12 05:06:50', '2022-08-12 15:28:20'),
(97, 503424000, '2022-08-12 05:07:43', '2022-08-12 15:28:20'),
(98, 540924000, '2022-08-12 05:08:42', '2022-08-12 15:28:20'),
(99, 535924000, '2022-08-12 13:09:13', '2022-08-12 15:28:20'),
(100, 537484000, '2022-08-12 13:24:53', '2022-08-12 15:28:20'),
(101, 552484000, '2022-08-12 13:27:22', '2022-08-12 15:28:20'),
(102, 583984000, '2022-08-12 13:29:12', '2022-08-12 15:28:20'),
(103, 591584000, '2022-08-12 13:44:50', '2022-08-12 15:28:20'),
(104, 579584000, '2022-08-12 13:45:50', '2022-08-12 15:28:20'),
(105, 581256000, '2022-08-12 13:46:40', '2022-08-12 15:28:20'),
(106, 580406000, '2022-08-12 13:48:24', '2022-08-12 15:28:20'),
(107, 550406000, '2022-08-12 13:49:31', '2022-08-12 15:28:20'),
(108, 542606000, '2022-08-12 13:51:11', '2022-08-12 15:28:20'),
(109, 540266000, '2022-08-12 13:51:57', '2022-08-12 15:28:20'),
(110, 538266000, '2022-08-12 13:53:30', '2022-08-12 15:28:20'),
(111, 537666000, '2022-08-12 13:55:04', '2022-08-12 15:28:20'),
(112, 567906000, '2022-08-12 13:57:40', '2022-08-12 15:28:20'),
(113, 609531000, '2022-08-12 13:58:49', '2022-08-12 15:28:20'),
(114, 612031000, '2022-08-12 14:00:04', '2022-08-12 15:28:20'),
(115, 613231000, '2022-08-12 14:01:04', '2022-08-12 15:28:20'),
(116, 611581000, '2022-08-12 14:03:01', '2022-08-12 15:28:20'),
(117, 596581000, '2022-08-12 14:04:41', '2022-08-12 15:28:20'),
(118, 593981000, '2022-08-12 14:09:13', '2022-08-12 15:28:20'),
(119, 591981000, '2022-08-12 14:10:22', '2022-08-12 15:28:20'),
(120, 589481000, '2022-08-12 14:11:33', '2022-08-12 15:28:20'),
(121, 549481000, '2022-08-12 14:12:00', '2022-08-12 15:28:20'),
(122, 454481000, '2022-08-12 14:12:14', '2022-08-12 15:28:20'),
(123, 495665000, '2022-08-12 14:17:21', '2022-08-12 15:28:20'),
(124, 564065000, '2022-08-12 14:18:29', '2022-08-12 15:28:20'),
(125, 562065000, '2022-08-12 14:20:08', '2022-08-12 15:28:20'),
(126, 563737000, '2022-08-12 14:21:07', '2022-08-12 15:28:20'),
(127, 605737000, '2022-08-12 14:22:04', '2022-08-12 15:28:20'),
(128, 635977000, '2022-08-12 14:22:50', '2022-08-12 15:28:20'),
(129, 666217000, '2022-08-12 14:23:38', '2022-08-12 15:28:20'),
(130, 658417000, '2022-08-12 14:25:21', '2022-08-12 15:28:20'),
(131, 656077000, '2022-08-12 14:28:24', '2022-08-12 15:28:20'),
(132, 654427000, '2022-08-12 14:29:04', '2022-08-12 15:28:20'),
(133, 639427000, '2022-08-12 14:29:52', '2022-08-12 15:28:20'),
(134, 643327000, '2022-08-12 14:30:38', '2022-08-12 15:28:20'),
(135, 673327000, '2022-08-12 14:31:14', '2022-08-12 15:28:20'),
(136, 672477000, '2022-08-12 14:32:26', '2022-08-12 15:28:20'),
(137, 627477000, '2022-08-12 14:33:19', '2022-08-12 15:28:20'),
(138, 625477000, '2022-08-12 14:34:10', '2022-08-12 15:28:20'),
(139, 620477000, '2022-08-12 14:34:52', '2022-08-12 15:28:20'),
(140, 617977000, '2022-08-12 14:35:48', '2022-08-12 15:28:20'),
(141, 577977000, '2022-08-12 14:36:18', '2022-08-12 15:28:20'),
(142, 619977000, '2022-08-12 14:38:00', '2022-08-12 15:28:20'),
(143, 650217000, '2022-08-12 14:40:04', '2022-08-12 15:28:20'),
(144, 691842000, '2022-08-12 14:41:18', '2022-08-12 15:28:20'),
(145, 679842000, '2022-08-12 14:42:08', '2022-08-12 15:28:20'),
(146, 682342000, '2022-08-12 14:43:22', '2022-08-12 15:28:20'),
(147, 683542000, '2022-08-12 14:43:58', '2022-08-12 15:28:20'),
(148, 638542000, '2022-08-12 14:45:14', '2022-08-12 15:28:20'),
(149, 679726000, '2022-08-12 14:46:47', '2022-08-12 15:28:20'),
(150, 748126000, '2022-08-12 14:47:26', '2022-08-12 15:28:20'),
(151, 752026000, '2022-08-12 14:49:30', '2022-08-12 15:28:20'),
(153, 789026000, '2022-08-12 14:54:19', '2022-08-13 04:52:54'),
(154, 791526000, '2022-08-12 14:55:21', '2022-08-13 04:52:54'),
(156, 750026000, '2022-08-12 14:56:38', '2022-08-13 05:02:44'),
(157, 747526000, '2022-08-12 15:22:19', '2022-08-13 05:02:44'),
(159, 771026000, '2022-08-13 05:04:03', '2022-08-13 05:04:03');

-- --------------------------------------------------------

--
-- Struktur dari tabel `saldo_butuh`
--

CREATE TABLE `saldo_butuh` (
  `id` int(11) NOT NULL,
  `Jumlah` bigint(20) NOT NULL,
  `created_at` timestamp NULL DEFAULT NULL,
  `updated_at` timestamp NULL DEFAULT NULL
) ENGINE=InnoDB DEFAULT CHARSET=utf8mb4;

--
-- Dumping data untuk tabel `saldo_butuh`
--

INSERT INTO `saldo_butuh` (`id`, `Jumlah`, `created_at`, `updated_at`) VALUES
(2, 150000000, NULL, NULL);

-- --------------------------------------------------------

--
-- Struktur dari tabel `target_penjualan`
--

CREATE TABLE `target_penjualan` (
  `id` int(11) NOT NULL,
  `keterangan` varchar(225) NOT NULL,
  `jumlah` int(11) NOT NULL,
  `created_at` timestamp NULL DEFAULT NULL,
  `updated_at` timestamp NULL DEFAULT NULL
) ENGINE=InnoDB DEFAULT CHARSET=utf8mb4;

--
-- Dumping data untuk tabel `target_penjualan`
--

INSERT INTO `target_penjualan` (`id`, `keterangan`, `jumlah`, `created_at`, `updated_at`) VALUES
(1, 'Target Penjualan', 250000000, NULL, NULL);

-- --------------------------------------------------------

--
-- Struktur dari tabel `transaksi`
--

CREATE TABLE `transaksi` (
  `id` int(11) NOT NULL,
  `id_coa` int(11) NOT NULL,
  `tanggal_transaksi` date NOT NULL,
  `keterangan` varchar(255) NOT NULL,
  `jenis` varchar(50) DEFAULT NULL,
  `jumlah` int(11) NOT NULL,
  `saldo_id` int(11) DEFAULT NULL,
  `created_at` timestamp NULL DEFAULT NULL,
  `updated_at` timestamp NULL DEFAULT NULL
) ENGINE=InnoDB DEFAULT CHARSET=utf8mb4;

--
-- Dumping data untuk tabel `transaksi`
--

INSERT INTO `transaksi` (`id`, `id_coa`, `tanggal_transaksi`, `keterangan`, `jenis`, `jumlah`, `saldo_id`, `created_at`, `updated_at`) VALUES
(1, 17, '2022-01-03', 'Penjualan HVS A4 80gram (65 Dus)', 'pemasukan', 31200000, 2, '2022-08-11 23:50:45', '2022-08-11 23:50:45'),
(2, 20, '2022-01-03', 'Pembelian stock ballpoin Hi-tech Hitam', 'pengeluaran', 2340000, 3, '2022-08-11 23:53:49', '2022-08-11 23:53:49'),
(3, 17, '2022-01-03', 'Penjualan HVS A4 70gram (30 Dus)', 'pemasukan', 13680000, 4, '2022-08-11 23:56:09', '2022-08-13 06:27:31'),
(4, 17, '2022-01-05', 'Penjualan Tinta printer HP Deskjet 550 black (46 Buah)', 'pemasukan', 48300000, 5, '2022-08-11 23:58:05', '2022-08-11 23:58:05'),
(5, 20, '2022-01-05', 'Pembelian buku tulis SIDU 38 Lembar (400 pack)', 'pengeluaran', 60000000, 6, '2022-08-12 00:03:32', '2022-08-12 00:03:32'),
(6, 17, '2022-01-06', 'Penjualan buku tulis SIDU 38 lembar (314 pack)', 'pemasukan', 11618000, 7, '2022-08-12 00:04:52', '2022-08-12 00:04:52'),
(7, 17, '2022-01-06', 'Penjualan buku tulis Kiky 38 lembar (293 pack)', 'pemasukan', 11134000, 8, '2022-08-12 00:06:40', '2022-08-12 00:06:40'),
(8, 20, '2022-01-07', 'Pembelian stock ballpoin standart', 'pengeluaran', 2000000, 9, '2022-08-12 00:07:50', '2022-08-12 00:07:50'),
(9, 17, '2022-01-10', 'Penjualan HVS A4 80gram (34 Dus)', 'pemasukan', 17952000, 10, '2022-08-12 00:09:22', '2022-08-12 00:09:22'),
(10, 20, '2022-01-10', 'Pembelian Penghapus (170 dus)', 'pengeluaran', 30240000, 11, '2022-08-12 00:13:20', '2022-08-12 00:13:20'),
(11, 17, '2022-01-12', 'Penjualan Stapler No.3', 'pemasukan', 2500000, 12, '2022-08-12 00:15:31', '2022-08-12 00:15:31'),
(12, 17, '2022-01-12', 'Penjualan Isi Stapler No.3', 'pemasukan', 1200000, 13, '2022-08-12 00:16:27', '2022-08-12 00:16:27'),
(13, 17, '2022-01-12', 'Penjualan Amplop Kecil', 'pemasukan', 3900000, 14, '2022-08-12 00:17:17', '2022-08-12 00:17:17'),
(14, 17, '2022-01-14', 'Penjualan Flashdisk (100 pcs)', 'pemasukan', 30000000, 15, '2022-08-12 00:18:23', '2022-08-12 00:18:23'),
(15, 17, '2022-01-14', 'Penjualan HVS A4 SIDU (70 Dus)', 'pemasukan', 30240000, 16, '2022-08-12 00:19:38', '2022-08-12 00:19:38'),
(16, 17, '2022-01-17', 'Penjualan Tinta printer Epson T.003 (60 Buah)', 'pemasukan', 42000000, 17, '2022-08-12 00:20:57', '2022-08-12 00:20:57'),
(17, 17, '2022-01-19', 'Penjualan Tinta printer Canon S200Spx No.24/H (37 Buah)', 'pemasukan', 41625000, 22, '2022-08-12 00:31:37', '2022-08-12 00:31:37'),
(18, 17, '2022-02-01', 'Penjualan Buku kwitansi (98 Pack)', 'pemasukan', 8820000, 27, '2022-08-12 01:34:23', '2022-08-12 01:34:23'),
(19, 17, '2022-02-01', 'Penjualan Stabilo BOSS (100 Lusin)', 'pemasukan', 7500000, 28, '2022-08-12 01:35:35', '2022-08-12 01:35:35'),
(20, 17, '2022-02-02', 'Penjualan penggaris besi 1m (44 buah)', 'pemasukan', 2200000, 29, '2022-08-12 01:36:55', '2022-08-12 01:36:55'),
(21, 20, '2022-02-03', 'Pembelian binder clip joyko (150 dus)', 'pengeluaran', 1650000, 30, '2022-08-12 01:38:02', '2022-08-12 01:38:02'),
(22, 17, '2022-02-04', 'Penjualan pensil (500 pack)', 'pemasukan', 16500000, 31, '2022-08-12 01:38:59', '2022-08-12 01:38:59'),
(23, 20, '2022-02-04', 'Pembelian Penghapus (170 dus)', 'pengeluaran', 10200000, 32, '2022-08-12 01:45:07', '2022-08-12 01:45:07'),
(24, 20, '2022-02-08', 'Pembelian tinta printer Epson T.003 (100 pcs)', 'pengeluaran', 65000000, 33, '2022-08-12 01:50:32', '2022-08-12 01:50:32'),
(25, 17, '2022-02-08', 'Penjualan gunting kertas (250 pcs)', 'pemasukan', 12000000, 34, '2022-08-12 01:52:11', '2022-08-12 01:52:11'),
(26, 17, '2022-02-10', 'Penjualan hang map (300 pcs)', 'pemasukan', 36000000, 35, '2022-08-12 01:52:59', '2022-08-12 01:52:59'),
(27, 17, '2022-02-10', 'Penjualan pulpen balliner (120 pack)', 'pemasukan', 19200000, 36, '2022-08-12 01:54:17', '2022-08-12 01:54:17'),
(28, 17, '2022-02-14', 'Penjualan tinta stempel (88 botol)', 'pemasukan', 1672000, 37, '2022-08-12 01:55:23', '2022-08-12 01:55:23'),
(29, 17, '2022-02-14', 'Penjualan HVS folio A4 80gram (78 dus)', 'pemasukan', 41184000, 38, '2022-08-12 01:57:08', '2022-08-12 01:57:08'),
(31, 17, '2022-02-15', 'Penjualan HVS A4 70gram (150 Dus)', 'pemasukan', 68400000, 40, '2022-08-12 02:03:20', '2022-08-12 02:03:20'),
(32, 17, '2022-02-22', 'Penjualan Tinta printer Epson T.003 (80 Buah)', 'pemasukan', 56000000, 45, '2022-08-12 02:11:46', '2022-08-12 02:11:46'),
(33, 20, '2022-02-28', 'Pembelian tinta printer canon S200Spx No.24/H(50 pcs)', 'pengeluaran', 50000000, 46, '2022-08-12 02:15:42', '2022-08-12 02:15:42'),
(34, 17, '2022-03-01', 'Penjualan buku tulis Kiky 38 lembar (50 pack)', 'pemasukan', 1900000, 52, '2022-08-12 02:36:40', '2022-08-12 02:36:40'),
(35, 17, '2022-03-01', 'Penjualan Tinta printer Canon S200Spx No.24/H (37 Buah)', 'pemasukan', 41625000, 53, '2022-08-12 02:37:32', '2022-08-12 02:37:32'),
(36, 17, '2022-03-04', 'Penjualan map Buffalo (80 pcs)', 'pemasukan', 435000, 54, '2022-08-12 02:38:34', '2022-08-12 02:38:34'),
(37, 17, '2022-03-04', 'Penjualan Stabilo BOSS (100 Lusin)', 'pemasukan', 7500000, 55, '2022-08-12 02:39:23', '2022-08-12 02:39:23'),
(38, 20, '2022-03-03', 'Pembelian Stabilo BOSS (200 Lusin)', 'pengeluaran', 15000000, 56, '2022-08-12 02:41:41', '2022-08-12 02:41:41'),
(39, 20, '2022-03-07', 'Pembelian Penghapus (25 dus)', 'pengeluaran', 1500000, 57, '2022-08-12 02:48:27', '2022-08-12 02:48:27'),
(40, 20, '2022-03-07', 'Pembelian stock ballpoin standart (200 pack)', 'pengeluaran', 2000000, 58, '2022-08-12 02:49:58', '2022-08-12 02:49:58'),
(41, 17, '2022-03-08', 'Penjualan Map plastik (56 pcs)', 'pemasukan', 140000, 59, '2022-08-12 02:51:13', '2022-08-12 02:51:13'),
(42, 20, '2022-03-08', 'Pembelian Ballpoint pilot (50 dus)', 'pengeluaran', 650000, 60, '2022-08-12 02:53:24', '2022-08-12 02:53:24'),
(43, 17, '2022-03-10', 'Penjualan Spidol Permanen (230 pack)', 'pemasukan', 17940000, 61, '2022-08-12 02:54:26', '2022-08-12 02:54:26'),
(44, 17, '2022-03-10', 'Penjualan lem cair (300 pcs)', 'pemasukan', 750000, 62, '2022-08-12 02:55:25', '2022-08-12 02:55:25'),
(45, 17, '2022-03-14', 'Penjualan Stapler No.3', 'pemasukan', 2500000, 63, '2022-08-12 02:56:15', '2022-08-12 02:56:15'),
(46, 17, '2022-03-14', 'Penjualan Isi Stapler No.3 (60 pack)', 'pemasukan', 1200000, 64, '2022-08-12 02:56:54', '2022-08-12 02:56:54'),
(47, 17, '2022-03-15', 'Penjualan paper clips (150 pack)', 'pemasukan', 2250000, 65, '2022-08-12 02:59:57', '2022-08-12 02:59:57'),
(48, 20, '2022-03-15', 'Pembelian lem putih', 'pengeluaran', 1000000, 69, '2022-08-12 03:06:12', '2022-08-12 03:06:12'),
(49, 17, '2022-03-16', 'Penjualan penghapus (50 pack)', 'pemasukan', 4200000, 70, '2022-08-12 03:07:28', '2022-08-12 03:07:28'),
(50, 17, '2022-03-16', 'Penjualan Kertas HVS A4 80gram (65 box)', 'pemasukan', 31200000, 71, '2022-08-12 04:18:52', '2022-08-12 04:18:52'),
(51, 17, '2022-03-17', 'Penjualan Kertas HVS A4 70gram (30 dus)', 'pemasukan', 13680000, 72, '2022-08-12 04:19:53', '2022-08-12 04:19:53'),
(52, 20, '2022-03-22', 'Pembelian binder clip joyko (50 dus)', 'pengeluaran', 550000, 73, '2022-08-12 04:22:12', '2022-08-12 04:22:12'),
(53, 20, '2022-03-22', 'Pembelian stock spidol snowman whiteboard (50 pack)', 'pengeluaran', 3900000, 74, '2022-08-12 04:24:05', '2022-08-12 04:24:05'),
(54, 20, '2022-03-23', 'Pembelian stock ballpoin Hi-tech Hitam (30 pack)', 'pengeluaran', 2340000, 75, '2022-08-12 04:25:18', '2022-08-12 04:25:18'),
(55, 20, '2022-04-04', 'Pembelian Penghapus (30 pack)', 'pengeluaran', 1800000, 82, '2022-08-12 04:43:41', '2022-08-12 04:43:41'),
(56, 17, '2022-04-04', 'Penjualan buku tulis Kiky 38 lembar (30 pack)', 'pemasukan', 1140000, 83, '2022-08-12 04:44:23', '2022-08-12 04:44:23'),
(57, 20, '2022-04-06', 'Pembelian buku tulis SIDU 38 Lembar (25 pack)', 'pengeluaran', 750000, 84, '2022-08-12 04:45:30', '2022-08-12 04:45:30'),
(58, 17, '2022-04-06', 'Penjualan tinta stempel (50 botol)', 'pemasukan', 950000, 85, '2022-08-12 04:47:02', '2022-08-12 04:47:02'),
(59, 20, '2022-04-08', 'Pembelian buku tulis SIDU 38 Lembar (50 pack)', 'pengeluaran', 1850000, 87, '2022-08-12 04:49:17', '2022-08-12 04:49:17'),
(60, 17, '2022-04-12', 'Penjualan HVS A4 SIDU (50 Dus)', 'pemasukan', 21600000, 88, '2022-08-12 04:52:45', '2022-08-12 04:52:45'),
(61, 17, '2022-04-12', 'Penjualan Tinta printer Canon S200Spx No.24/H (40 Buah)', 'pemasukan', 45000000, 89, '2022-08-12 04:54:07', '2022-08-12 04:54:07'),
(62, 17, '2022-04-14', 'Penjualan Amplop coklat (150 pack)', 'pemasukan', 7425000, 90, '2022-08-12 05:00:14', '2022-08-12 05:00:14'),
(63, 17, '2022-04-15', 'Penjualan kertas karbon fax', 'pemasukan', 6500000, 91, '2022-08-12 05:01:26', '2022-08-12 05:01:26'),
(64, 17, '2022-04-18', 'Penjualan lem putih (25 botol)', 'pemasukan', 250000, 92, '2022-08-12 05:02:07', '2022-08-12 05:02:07'),
(65, 17, '2022-04-20', 'Penjualan Amplop Kecil (250 dus)', 'pemasukan', 3900000, 96, '2022-08-12 05:06:50', '2022-08-12 05:06:50'),
(66, 20, '2022-04-20', 'Pembelian Ballpoint pilot (50 dus)', 'pengeluaran', 6500000, 97, '2022-08-12 05:07:43', '2022-08-12 05:07:43'),
(67, 17, '2022-04-26', 'Penjualan Flashdisk (125 pcs)', 'pemasukan', 37500000, 98, '2022-08-12 05:08:42', '2022-08-12 05:08:42'),
(68, 17, '2022-05-02', 'Penjualan Amplop Kecil (100 dus)', 'pemasukan', 1560000, 100, '2022-08-12 13:24:53', '2022-08-12 13:24:53'),
(69, 17, '2022-05-04', 'Penjualan Flashdisk (50 pcs)', 'pemasukan', 15000000, 101, '2022-08-12 13:27:22', '2022-08-12 13:27:22'),
(70, 17, '2022-05-05', 'Penjualan Tinta printer HP Deskjet 550 black (30 Buah)', 'pemasukan', 31500000, 102, '2022-08-12 13:29:12', '2022-08-12 13:29:12'),
(74, 17, '2022-05-09', 'Penjualan buku tulis Kiky 38 lembar (200 pack)', 'pemasukan', 7600000, 103, '2022-08-12 13:44:50', '2022-08-12 13:44:50'),
(75, 20, '2022-05-10', 'Pembelian buku tulis SIDU 38 Lembar (400 pack)', 'pengeluaran', 12000000, 104, '2022-08-12 13:45:50', '2022-08-12 13:45:50'),
(76, 17, '2022-05-10', 'Penjualan tinta stempel (88 botol)', 'pemasukan', 1672000, 105, '2022-08-12 13:46:40', '2022-08-12 13:46:40'),
(77, 20, '2022-05-12', 'Pembelian penghapus(170 pcs)', 'pengeluaran', 850000, 106, '2022-08-12 13:48:24', '2022-08-12 13:48:24'),
(78, 20, '2022-05-13', 'Pembelian HVS A4 SIDU (150 Dus)', 'pengeluaran', 30000000, 107, '2022-08-12 13:49:31', '2022-08-12 13:49:31'),
(79, 20, '2022-05-16', 'Pembelian stock spidol snowman whiteboard (100 pack)', 'pengeluaran', 7800000, 108, '2022-08-12 13:51:11', '2022-08-12 13:51:11'),
(80, 20, '2022-05-16', 'Pembelian stock ballpoin Hi-tech Hitam (30 pack)', 'pengeluaran', 2340000, 109, '2022-08-12 13:51:57', '2022-08-12 13:51:57'),
(81, 20, '2022-05-17', 'Pembelian Ballpoint standart (200 dus)', 'pengeluaran', 2000000, 110, '2022-08-12 13:53:30', '2022-08-12 13:53:30'),
(82, 20, '2022-05-17', 'Pembelian lem putih (60 botol)', 'pengeluaran', 600000, 111, '2022-08-12 13:55:04', '2022-08-12 13:55:04'),
(83, 17, '2022-05-18', 'Penjualan HVS A4 SIDU (70 Dus)', 'pemasukan', 30240000, 112, '2022-08-12 13:57:40', '2022-08-12 13:57:40'),
(84, 17, '2022-05-20', 'Penjualan Tinta printer Canon S200Spx No.24/H (37 Buah)', 'pemasukan', 41625000, 113, '2022-08-12 13:58:49', '2022-08-12 13:58:49'),
(85, 17, '2022-05-23', 'Penjualan Stapler No.3', 'pemasukan', 2500000, 114, '2022-08-12 14:00:04', '2022-08-12 14:00:04'),
(86, 17, '2022-05-23', 'Penjualan Isi Stapler No.3 (60 pack)', 'pemasukan', 1200000, 115, '2022-08-12 14:01:04', '2022-08-12 14:01:04'),
(87, 20, '2022-05-25', 'Pembelian binder clip joyko (150 dus)', 'pengeluaran', 1650000, 116, '2022-08-12 14:03:01', '2022-08-12 14:03:01'),
(88, 20, '2022-05-25', 'Pembelian Kertas Karbon Fax (250 roll)', 'pengeluaran', 15000000, 117, '2022-08-12 14:04:41', '2022-08-12 14:04:41'),
(89, 20, '2022-05-27', 'Pembelian Ballpoint pilot (200 dus)', 'pengeluaran', 2600000, 118, '2022-08-12 14:09:13', '2022-08-12 14:09:13'),
(90, 17, '2022-06-02', 'Penjualan HVS Folio A4 80gram (78 Dus)', 'pemasukan', 41184000, 123, '2022-08-12 14:17:21', '2022-08-12 14:17:21'),
(91, 17, '2022-06-02', 'Penjualan Kertas HVS A4 70gram (150 dus)', 'pemasukan', 68400000, 124, '2022-08-12 14:18:29', '2022-08-12 14:18:29'),
(92, 20, '2022-06-03', 'Pembelian stock ballpoin standart (200 pack)', 'pengeluaran', 2000000, 125, '2022-08-12 14:20:08', '2022-08-12 14:20:08'),
(93, 17, '2022-06-06', 'Penjualan tinta stempel (88 botol)', 'pemasukan', 1672000, 126, '2022-08-12 14:21:07', '2022-08-12 14:21:07'),
(94, 17, '2022-06-08', 'Penjualan Tinta printer Epson T.003 (60 Buah)', 'pemasukan', 42000000, 127, '2022-08-12 14:22:04', '2022-08-12 14:22:04'),
(95, 17, '2022-06-09', 'Penjualan HVS A4 SIDU (70 Dus)', 'pemasukan', 30240000, 128, '2022-08-12 14:22:50', '2022-08-12 14:22:50'),
(96, 17, '2022-06-13', 'Penjualan Tinta printer Canon S200Spx No.24/H (37 Buah)', 'pemasukan', 30240000, 129, '2022-08-12 14:23:38', '2022-08-12 14:23:38'),
(97, 20, '2022-06-14', 'Pembelian stock spidol snowman whiteboard (100 pack)', 'pengeluaran', 7800000, 130, '2022-08-12 14:25:21', '2022-08-12 14:25:21'),
(98, 20, '2022-06-21', 'pembelian  ballpoint Hi-tech hitam (30 pack)', 'pengeluaran', 2340000, 131, '2022-08-12 14:28:24', '2022-08-12 14:28:24'),
(99, 20, '2022-06-20', 'Pembelian binder clip joyko (150 dus)', 'pengeluaran', 1650000, 132, '2022-08-12 14:29:04', '2022-08-12 14:29:04'),
(100, 20, '2022-06-23', 'Pembelian Kertas Karbon Fax (250 roll)', 'pengeluaran', 15000000, 133, '2022-08-12 14:29:52', '2022-08-12 14:29:52'),
(101, 17, '2022-06-23', 'Penjualan Amplop Kecil (250 dus)', 'pemasukan', 3900000, 134, '2022-08-12 14:30:38', '2022-08-12 14:30:38'),
(102, 17, '2022-06-25', 'Penjualan Flashdisk (100 pcs)', 'pemasukan', 30000000, 135, '2022-08-12 14:31:14', '2022-08-12 14:31:14'),
(103, 20, '2022-06-24', 'Pembelian Penghapus (170 dus)', 'pengeluaran', 850000, 136, '2022-08-12 14:32:26', '2022-08-12 14:32:26'),
(104, 20, '2022-06-24', 'Pembelian HVS A4 SIDU (150 Dus)', 'pengeluaran', 45000000, 137, '2022-08-12 14:33:19', '2022-08-12 14:33:19'),
(105, 17, '2022-07-04', 'Penjualan Tinta printer Epson T.003 (60 Buah)', 'pemasukan', 42000000, 142, '2022-08-12 14:38:00', '2022-08-12 14:38:00'),
(106, 17, '2022-07-04', 'Penjualan HVS A4 SIDU (70 Dus)', 'pemasukan', 30240000, 143, '2022-08-12 14:40:04', '2022-08-12 14:40:04'),
(107, 17, '2022-07-06', 'Penjualan Tinta printer Canon S200Spx No.24/H (37 Buah)', 'pemasukan', 41625000, 144, '2022-08-12 14:41:18', '2022-08-12 14:41:18'),
(108, 20, '2022-07-08', 'Pembelian buku tulis SIDU 38 Lembar (400 pack)', 'pengeluaran', 12000000, 145, '2022-08-12 14:42:08', '2022-08-12 14:42:08'),
(109, 17, '2022-07-12', 'Penjualan Stapler No.3 (50 pcs)', 'pemasukan', 2500000, 146, '2022-08-12 14:43:22', '2022-08-12 14:43:22'),
(110, 17, '2022-07-12', 'Penjualan Isi Stapler No.3 (60 pack)', 'pemasukan', 1200000, 147, '2022-08-12 14:43:58', '2022-08-12 14:43:58'),
(111, 20, '2022-07-14', 'Pembelian HVS A4 SIDU (150 Dus)', 'pengeluaran', 45000000, 148, '2022-08-12 14:45:14', '2022-08-12 14:45:14'),
(112, 17, '2022-07-14', 'Penjualan HVS Folio A4 80gram (78 Dus)', 'pemasukan', 41184000, 149, '2022-08-12 14:46:47', '2022-08-12 14:46:47'),
(113, 17, '2022-07-18', 'Penjualan HVS A4 70gram (150 Dus)', 'pemasukan', 68400000, 150, '2022-08-12 14:47:26', '2022-08-12 14:47:26'),
(114, 17, '2022-07-20', 'Penjualan Amplop Kecil (250 dus)', 'pemasukan', 3900000, 151, '2022-08-12 14:49:30', '2022-08-12 14:49:30'),
(116, 17, '2022-07-21', 'Penjualan Flashdisk (70 pcs)', 'pemasukan', 21000000, 158, '2022-08-13 04:53:28', '2022-08-13 04:53:28');

-- --------------------------------------------------------

--
-- Struktur dari tabel `users`
--

CREATE TABLE `users` (
  `id` tinyint(3) UNSIGNED NOT NULL,
  `nama` varchar(100) COLLATE utf8mb4_unicode_ci NOT NULL,
  `username` varchar(100) COLLATE utf8mb4_unicode_ci NOT NULL,
  `password` varchar(255) COLLATE utf8mb4_unicode_ci NOT NULL,
  `level` enum('admin','bendahara','user') COLLATE utf8mb4_unicode_ci NOT NULL,
  `remember_token` varchar(100) COLLATE utf8mb4_unicode_ci DEFAULT NULL,
  `created_at` timestamp NULL DEFAULT NULL,
  `updated_at` timestamp NULL DEFAULT NULL
) ENGINE=InnoDB DEFAULT CHARSET=utf8mb4 COLLATE=utf8mb4_unicode_ci;

--
-- Dumping data untuk tabel `users`
--

INSERT INTO `users` (`id`, `nama`, `username`, `password`, `level`, `remember_token`, `created_at`, `updated_at`) VALUES
(1, 'admin', 'admin', '$2y$10$q0J/KKX4GvdtPCEFYGvJHeBFAynCEY06oFrYkTsugEuSRoa25JyaO', 'admin', NULL, '2021-02-14 16:02:55', '2021-02-14 16:02:55'),
(2, 'bendahara', 'bendahara', '$2y$10$YqmKhdq1/dno/OKop6kMru87O1vcTF52M5SeaYRE4tHrqbZMxnJSW', 'bendahara', NULL, '2021-02-14 16:02:55', '2021-02-14 16:02:55'),
(3, 'user', 'user', '$2y$10$0RJLjmxK36CGEwCsXvY2UedZaYS5O35Ruty1eF10izQH94Q5Cvyqq', 'user', NULL, '2021-02-14 16:02:55', '2021-02-14 16:02:55');

--
-- Indexes for dumped tables
--

--
-- Indeks untuk tabel `coa`
--
ALTER TABLE `coa`
  ADD PRIMARY KEY (`id`),
  ADD KEY `id_index` (`id_index`);

--
-- Indeks untuk tabel `failed_jobs`
--
ALTER TABLE `failed_jobs`
  ADD PRIMARY KEY (`id`);

--
-- Indeks untuk tabel `hutang`
--
ALTER TABLE `hutang`
  ADD PRIMARY KEY (`id`),
  ADD KEY `id_coa` (`id_coa`),
  ADD KEY `saldo_id` (`saldo_id`);

--
-- Indeks untuk tabel `index`
--
ALTER TABLE `index`
  ADD PRIMARY KEY (`id`);

--
-- Indeks untuk tabel `instansi`
--
ALTER TABLE `instansi`
  ADD PRIMARY KEY (`id`);

--
-- Indeks untuk tabel `migrations`
--
ALTER TABLE `migrations`
  ADD PRIMARY KEY (`id`);

--
-- Indeks untuk tabel `operasional`
--
ALTER TABLE `operasional`
  ADD PRIMARY KEY (`id`),
  ADD KEY `id_coa` (`id_coa`),
  ADD KEY `saldo_id` (`saldo_id`);

--
-- Indeks untuk tabel `piutang`
--
ALTER TABLE `piutang`
  ADD PRIMARY KEY (`id`),
  ADD KEY `id_coa` (`id_coa`),
  ADD KEY `id_index` (`id_index`);

--
-- Indeks untuk tabel `saldo`
--
ALTER TABLE `saldo`
  ADD PRIMARY KEY (`id`);

--
-- Indeks untuk tabel `saldo_butuh`
--
ALTER TABLE `saldo_butuh`
  ADD PRIMARY KEY (`id`);

--
-- Indeks untuk tabel `target_penjualan`
--
ALTER TABLE `target_penjualan`
  ADD PRIMARY KEY (`id`);

--
-- Indeks untuk tabel `transaksi`
--
ALTER TABLE `transaksi`
  ADD PRIMARY KEY (`id`),
  ADD KEY `saldo_id` (`saldo_id`),
  ADD KEY `id_coa` (`id_coa`);

--
-- Indeks untuk tabel `users`
--
ALTER TABLE `users`
  ADD PRIMARY KEY (`id`),
  ADD UNIQUE KEY `users_username_unique` (`username`);

--
-- AUTO_INCREMENT untuk tabel yang dibuang
--

--
-- AUTO_INCREMENT untuk tabel `coa`
--
ALTER TABLE `coa`
  MODIFY `id` int(11) NOT NULL AUTO_INCREMENT, AUTO_INCREMENT=25;

--
-- AUTO_INCREMENT untuk tabel `failed_jobs`
--
ALTER TABLE `failed_jobs`
  MODIFY `id` int(10) UNSIGNED NOT NULL AUTO_INCREMENT;

--
-- AUTO_INCREMENT untuk tabel `hutang`
--
ALTER TABLE `hutang`
  MODIFY `id` int(11) NOT NULL AUTO_INCREMENT, AUTO_INCREMENT=13;

--
-- AUTO_INCREMENT untuk tabel `index`
--
ALTER TABLE `index`
  MODIFY `id` int(11) NOT NULL AUTO_INCREMENT, AUTO_INCREMENT=4;

--
-- AUTO_INCREMENT untuk tabel `instansi`
--
ALTER TABLE `instansi`
  MODIFY `id` tinyint(3) UNSIGNED NOT NULL AUTO_INCREMENT, AUTO_INCREMENT=2;

--
-- AUTO_INCREMENT untuk tabel `migrations`
--
ALTER TABLE `migrations`
  MODIFY `id` int(10) UNSIGNED NOT NULL AUTO_INCREMENT, AUTO_INCREMENT=6;

--
-- AUTO_INCREMENT untuk tabel `operasional`
--
ALTER TABLE `operasional`
  MODIFY `id` int(11) NOT NULL AUTO_INCREMENT, AUTO_INCREMENT=37;

--
-- AUTO_INCREMENT untuk tabel `piutang`
--
ALTER TABLE `piutang`
  MODIFY `id` int(11) NOT NULL AUTO_INCREMENT;

--
-- AUTO_INCREMENT untuk tabel `saldo`
--
ALTER TABLE `saldo`
  MODIFY `id` int(11) NOT NULL AUTO_INCREMENT, AUTO_INCREMENT=160;

--
-- AUTO_INCREMENT untuk tabel `saldo_butuh`
--
ALTER TABLE `saldo_butuh`
  MODIFY `id` int(11) NOT NULL AUTO_INCREMENT, AUTO_INCREMENT=3;

--
-- AUTO_INCREMENT untuk tabel `target_penjualan`
--
ALTER TABLE `target_penjualan`
  MODIFY `id` int(11) NOT NULL AUTO_INCREMENT, AUTO_INCREMENT=2;

--
-- AUTO_INCREMENT untuk tabel `transaksi`
--
ALTER TABLE `transaksi`
  MODIFY `id` int(11) NOT NULL AUTO_INCREMENT, AUTO_INCREMENT=117;

--
-- AUTO_INCREMENT untuk tabel `users`
--
ALTER TABLE `users`
  MODIFY `id` tinyint(3) UNSIGNED NOT NULL AUTO_INCREMENT, AUTO_INCREMENT=4;

--
-- Ketidakleluasaan untuk tabel pelimpahan (Dumped Tables)
--

--
-- Ketidakleluasaan untuk tabel `coa`
--
ALTER TABLE `coa`
  ADD CONSTRAINT `id_index` FOREIGN KEY (`id_index`) REFERENCES `index` (`id`);

--
-- Ketidakleluasaan untuk tabel `operasional`
--
ALTER TABLE `operasional`
  ADD CONSTRAINT `id_coa` FOREIGN KEY (`id_coa`) REFERENCES `coa` (`id`) ON DELETE CASCADE ON UPDATE CASCADE;
COMMIT;

/*!40101 SET CHARACTER_SET_CLIENT=@OLD_CHARACTER_SET_CLIENT */;
/*!40101 SET CHARACTER_SET_RESULTS=@OLD_CHARACTER_SET_RESULTS */;
/*!40101 SET COLLATION_CONNECTION=@OLD_COLLATION_CONNECTION */;
